"Model","Sensitivity","Specificity","PPV","NPV"
"Basic regression model",0.75,0.683168316831683,0.614457831325301,0.802325581395349
"ALFAssay",0.767123287671233,0.924528301886792,0.875,0.852173913043478
